{
    "transform": [
        [
            0.9528474807739258,
            4.847931904805591e-07,
            0.3034496307373047,
            -0.5652548670768738
        ],
        [
            4.847931904805591e-07,
            1.0,
            -3.119882421742659e-06,
            0.01040035393089056
        ],
        [
            -0.3034496307373047,
            3.119882421742659e-06,
            0.9528474807739258,
            0.046617887914180756
        ]
    ],
    "scale": 3.2059479247023734
}