{
    "transform": [
        [
            0.9528437852859497,
            5.263039497549471e-07,
            0.3034612238407135,
            -0.5652561783790588
        ],
        [
            5.263039497549471e-07,
            1.0,
            -3.3868884656840237e-06,
            0.010400373488664627
        ],
        [
            -0.3034612238407135,
            3.3868884656840237e-06,
            0.9528437852859497,
            0.04662405699491501
        ]
    ],
    "scale": 3.205822954558613
}