{
    "transform": [
        [
            0.9528430104255676,
            -6.94825416758249e-07,
            0.3034636676311493,
            -0.5652562379837036
        ],
        [
            -6.94825416758249e-07,
            1.0,
            4.471326064958703e-06,
            0.010399715043604374
        ],
        [
            -0.3034636676311493,
            -4.471326064958703e-06,
            0.9528430104255676,
            0.04662753641605377
        ]
    ],
    "scale": 3.2055378263210113
}